{"epoch/loss": 0.7644124031066895, "epoch/accuracy": 0.5032454133033752, "epoch/epoch": 0, "epoch/learning_rate": 0.0010000000474974513, "_timestamp": 1681749603.1308675, "_runtime": 73.62921047210693, "_step": 0, "_wandb": {"runtime": 83}}