{"epoch/loss": 0.8399036526679993, "epoch/accuracy": 0.49026432633399963, "epoch/epoch": 0, "epoch/learning_rate": 0.0010000000474974513, "_timestamp": 1681750349.2239473, "_runtime": 72.62736535072327, "_step": 0, "_wandb": {"runtime": 81}}