{"epoch/loss": 0.6991816759109497, "epoch/accuracy": 0.5265282988548279, "epoch/epoch": 0, "epoch/learning_rate": 0.0010000000474974513, "_timestamp": 1681749933.5095575, "_runtime": 74.06177258491516, "_step": 0, "_wandb": {"runtime": 84}}