{"epoch/loss": 0.2475431263446808, "epoch/accuracy": 0.44951334595680237, "epoch/epoch": 9, "epoch/learning_rate": 0.0010000000474974513, "_timestamp": 1681755759.187215, "_runtime": 233.83693718910217, "_step": 89, "prediction": {"_type": "image-file", "sha256": "6ba4289448b838b3c17a083eabef5f2dfe166691ab8e9b9f4fe7dc24cd2912d7", "size": 128010, "path": "media/images/prediction_89_6ba4289448b838b3c17a.png", "format": "png", "width": 960, "height": 240, "caption": "left: pred_mask / mid: gt / right: og_image "}, "_wandb": {"runtime": 233}}