{"epoch/loss": 0.7768215537071228, "epoch/accuracy": 0.4364664852619171, "epoch/epoch": 0, "epoch/learning_rate": 0.0010000000474974513, "_timestamp": 1681750852.6328416, "_runtime": 30.956726551055908, "_step": 0, "_wandb": {"runtime": 41}}