{"epoch/loss": 0.13131296634674072, "epoch/accuracy": 0.5399056077003479, "epoch/epoch": 19, "epoch/learning_rate": 0.0010000000474974513, "_timestamp": 1681828165.0672073, "_runtime": 454.05350136756897, "_step": 179, "prediction": {"_type": "image-file", "sha256": "920201a57b87fb4ecb295e53458a6d951af88db42fecd0e91c95d026713e41be", "size": 145137, "path": "media/images/prediction_179_920201a57b87fb4ecb29.png", "format": "png", "width": 960, "height": 240, "caption": "left: pred_mask / mid: gt / right: og_image "}, "_wandb": {"runtime": 453}}