{"epoch/loss": 0.8521350622177124, "epoch/accuracy": 0.4487353563308716, "epoch/epoch": 0, "epoch/learning_rate": 0.0010000000474974513, "_timestamp": 1681751380.708978, "_runtime": 31.262891054153442, "_step": 0, "_wandb": {"runtime": 40}}