{"epoch/loss": 0.7723061442375183, "epoch/accuracy": 0.500742495059967, "epoch/epoch": 0, "epoch/learning_rate": 0.0010000000474974513, "_timestamp": 1681750498.618898, "_runtime": 73.4791669845581, "_step": 0, "_wandb": {"runtime": 80}}