{"epoch/loss": 1.076613426208496, "epoch/accuracy": 0.44683757424354553, "epoch/epoch": 11, "epoch/learning_rate": 0.0010000000474974513, "_timestamp": 1681827590.974743, "_runtime": 316.8131048679352, "_step": 107, "prediction": {"_type": "image-file", "sha256": "bb4a8cc42b266504aa6e77c01d1244c67d619289101dae7e7590ee225468d311", "size": 112691, "path": "media/images/prediction_107_bb4a8cc42b266504aa6e.png", "format": "png", "width": 960, "height": 240, "caption": "left: pred_mask / mid: gt / right: og_image "}, "_wandb": {"runtime": 290}}