{"epoch/loss": 1.047213077545166, "epoch/accuracy": 0.4786246716976166, "epoch/epoch": 0, "epoch/learning_rate": 0.0010000000474974513, "_timestamp": 1681751327.1263537, "_runtime": 33.68853974342346, "_step": 0, "_wandb": {"runtime": 43}}