{"epoch/loss": 0.5727853178977966, "epoch/accuracy": 0.15130794048309326, "epoch/epoch": 0, "epoch/learning_rate": 9.999999747378752e-05, "_timestamp": 1695746053.336628, "_runtime": 941.557452917099, "_step": 2, "prediction": {"_type": "image-file", "sha256": "640de2325ed6152add728bacfe05aae3e117f4634be79faf6cdc0504e7aeb518", "size": 83431, "path": "media/images/prediction_2_640de2325ed6152add72.png", "format": "png", "width": 960, "height": 240, "caption": "left: pred_mask / mid: gt / right: og_image "}, "_wandb": {"runtime": 945}}