{"epoch/loss": 0.5371524691581726, "epoch/accuracy": 0.4065413475036621, "epoch/epoch": 49, "epoch/learning_rate": 0.0010000000474974513, "_timestamp": 1681486737.3999124, "_runtime": 1707.2057824134827, "_step": 49, "_wandb": {"runtime": 1713}}