{"epoch/loss": 0.12489285320043564, "epoch/accuracy": 0.4945697784423828, "epoch/epoch": 49, "epoch/learning_rate": 9.999999747378752e-05, "_timestamp": 1682475970.3401244, "_runtime": 278949.31989240646, "_step": 449, "prediction": {"_type": "image-file", "sha256": "04eb0a562decc8eef7bd9fc6cd3455bdf695d6390a27318d356fd28c0a882344", "size": 103654, "path": "media/images/prediction_449_04eb0a562decc8eef7bd.png", "format": "png", "width": 960, "height": 240, "caption": "left: pred_mask / mid: gt / right: og_image "}, "_wandb": {"runtime": 278948}}