{"epoch/loss": 0.217752605676651, "epoch/accuracy": 0.458966463804245, "epoch/epoch": 3, "epoch/learning_rate": 0.0010000000474974513, "_timestamp": 1681755118.626288, "_runtime": 131.710590839386, "_step": 35, "prediction": {"_type": "image-file", "sha256": "1908902e870424c64036e4a3d935400d279253c1e8ba98cc153c5e1f45242401", "size": 4725, "path": "media/images/prediction_35_1908902e870424c64036.png", "format": "png", "width": 960, "height": 240, "caption": "left: pred_mask / mid: gt / right og_image "}, "_wandb": {"runtime": 125}}