{"epoch/loss": 0.6931268572807312, "epoch/accuracy": 9.765625145519152e-05, "epoch/epoch": 49, "epoch/learning_rate": 9.999999747378752e-05, "_timestamp": 1695397663.7082636, "_runtime": 216.49834156036377, "_step": 149, "prediction": {"_type": "image-file", "sha256": "98e2a5533cd6ef718ea2429f49b05edde59f1405741c77661dacccd9441a4fb1", "size": 133826, "path": "media/images/prediction_149_98e2a5533cd6ef718ea2.png", "format": "png", "width": 960, "height": 240, "caption": "left: pred_mask / mid: gt / right: og_image "}, "_wandb": {"runtime": 215}}