{"epoch/loss": 0.18305718898773193, "epoch/accuracy": 0.5103792548179626, "epoch/epoch": 9, "epoch/learning_rate": 0.0010000000474974513, "_timestamp": 1681756075.7721355, "_runtime": 243.28727555274963, "_step": 89, "prediction": {"_type": "image-file", "sha256": "3e443451616fb9c8368d090d3d54cddcc9cb2a9bce5fd63f35d42a0ad422bd9d", "size": 135685, "path": "media/images/prediction_89_3e443451616fb9c8368d.png", "format": "png", "width": 960, "height": 240, "caption": "left: pred_mask / mid: gt / right: og_image "}, "_wandb": {"runtime": 242}}