{"epoch/loss": 0.1355840414762497, "epoch/accuracy": 0.4235091209411621, "epoch/epoch": 1, "epoch/learning_rate": 0.0010000000474974513, "_timestamp": 1681755368.2628894, "_runtime": 64.385986328125, "_step": 17, "prediction": {"_type": "image-file", "sha256": "ddd4f9d89c2a3cea3e0ea363ebc5f2ab25164bdc0b7c7641e6a328e436449c8f", "size": 2945, "path": "media/images/prediction_17_ddd4f9d89c2a3cea3e0e.png", "format": "png", "width": 960, "height": 240, "caption": "left: pred_mask / mid: gt / right: og_image "}, "_wandb": {"runtime": 73}}