{"epoch/loss": 0.15712976455688477, "epoch/accuracy": 0.4675191044807434, "epoch/epoch": 49, "epoch/learning_rate": 9.999999747378752e-05, "_timestamp": 1695846829.287562, "_runtime": 98950.8904159069, "_step": 149, "prediction": {"_type": "image-file", "sha256": "4c0d581ab5a739ed362dcae6c35a9d769651ff22ab31fa8ca7c7e53e3100d320", "size": 88672, "path": "media/images/prediction_149_4c0d581ab5a739ed362d.png", "format": "png", "width": 960, "height": 240, "caption": "left: pred_mask / mid: gt / right: og_image "}, "_wandb": {"runtime": 98954}}