{"epoch/loss": 0.7930960059165955, "epoch/accuracy": 0.509361982345581, "epoch/epoch": 0, "epoch/learning_rate": 0.0010000000474974513, "_timestamp": 1681750747.673093, "_runtime": 71.42082500457764, "_step": 0, "_wandb": {"runtime": 81}}