{"epoch/loss": 0.17285259068012238, "epoch/accuracy": 0.4395299255847931, "epoch/epoch": 49, "epoch/learning_rate": 0.0010000000474974513, "_timestamp": 1681659814.167538, "_runtime": 169696.82376885414, "_step": 49, "_wandb": {"runtime": 169696}}