{"epoch/loss": 0.5281123518943787, "epoch/accuracy": 0.38144972920417786, "epoch/epoch": 0, "epoch/learning_rate": 9.999999747378752e-05, "_timestamp": 1695746517.783523, "_runtime": 383.23903608322144, "_step": 0, "_wandb": {"runtime": 388}}