{"epoch/loss": 0.18262073397636414, "epoch/accuracy": 0.4695361256599426, "epoch/epoch": 3, "epoch/learning_rate": 0.0010000000474974513, "_timestamp": 1681809115.6815672, "_runtime": 105.14458727836609, "_step": 35, "prediction": {"_type": "image-file", "sha256": "a7b639f1212a2e2ba1247531e9d4f9cc6b16c5e78cf07ba1abc166b321369da1", "size": 124605, "path": "media/images/prediction_35_a7b639f1212a2e2ba124.png", "format": "png", "width": 960, "height": 240, "caption": "left: pred_mask / mid: gt / right: og_image "}, "_wandb": {"runtime": 114}}