{"epoch/loss": 0.12993460893630981, "epoch/accuracy": 0.4330468773841858, "epoch/epoch": 0, "epoch/learning_rate": 0.0010000000474974513, "_timestamp": 1681752384.5510867, "_runtime": 31.775466680526733, "_step": 0, "_wandb": {"runtime": 31}}