{"epoch/loss": 0.5052086114883423, "epoch/accuracy": 0.5279716849327087, "epoch/epoch": 49, "epoch/learning_rate": 9.999999747378752e-05, "_timestamp": 1681484743.6386442, "_runtime": 1717.3338301181793, "_step": 49, "_wandb": {"runtime": 1723}}