{"epoch/loss": 0.12993460893630981, "epoch/accuracy": 0.4330468773841858, "epoch/epoch": 0, "epoch/learning_rate": 0.0010000000474974513, "_timestamp": 1681754835.002433, "_runtime": 32.44726014137268, "_step": 0, "_wandb": {"runtime": 42}}