{"epoch/loss": 0.217752605676651, "epoch/accuracy": 0.458966463804245, "epoch/epoch": 3, "epoch/learning_rate": 0.0010000000474974513, "_timestamp": 1681755508.1736143, "_runtime": 110.33649015426636, "_step": 35, "prediction": {"_type": "image-file", "sha256": "626ca08d3c804be2eb48a48d9c11fc056162acdced4dd07b859fba9047adffab", "size": 4092, "path": "media/images/prediction_35_626ca08d3c804be2eb48.png", "format": "png", "width": 960, "height": 240, "caption": "left: pred_mask / mid: gt / right: og_image "}, "_wandb": {"runtime": 118}}