{"epoch/loss": 0.1355840414762497, "epoch/accuracy": 0.4235091209411621, "epoch/epoch": 1, "epoch/learning_rate": 0.0010000000474974513, "_timestamp": 1681755208.535329, "_runtime": 50.03974914550781, "_step": 9, "prediction": {"_type": "image-file", "sha256": "e3c7b10c33d772feae78856affe1cdf067b94df8e383573b5e7f9c6c407cc382", "size": 4221, "path": "media/images/prediction_8_e3c7b10c33d772feae78.png", "format": "png", "width": 960, "height": 240, "caption": "left: pred_mask / mid: gt / right og_image "}, "_wandb": {"runtime": 62}}